parcel_number,matched,latitude,longitude,census_tract
631259600,True,40.069333156377,-75.076346336842,42101034000
888650668,False,,,None
412218900,True,40.036752317641,-75.034880650582,42101033000
511112600,True,39.946680883964,-75.224660529584,42101007300
262168000,True,39.922923183647,-75.180340727771,42101003800
395205800,True,39.913532392028,-75.160767548517,42101037200
514243900,True,39.934898482001,-75.224934713595,42101007000
353033641,True,40.050895203834,-75.098115877064,42101030600
631314300,True,40.078992569399,-75.08546845361,42101034100
651204200,True,40.035295343414,-75.027302072671,42101032900
571013300,True,40.051408974701,-75.029673005042,42101034702
363088400,True,39.931106285279,-75.177069944609,42101003100
352255000,True,40.047245297908,-75.103660203051,42101030502
262261200,True,39.922082025,-75.178668106549,42101003800
602091700,True,39.955118182249,-75.224630640572,42101008500
81049600,True,39.946940003911,-75.17320180463,42101001203
582588792,True,40.104200937001,-75.01782924304,42101036000
102050900,True,40.055285421038,-75.152611165546,42101026700
513248700,True,39.9430463561,-75.227619811969,42101007102
161314900,True,39.993475986413,-75.157050530857,42101016702
61213300,True,39.960581657443,-75.2052872519,42101009200
181054400,True,39.968721156828,-75.131311632564,42101014300
183237800,True,39.979381632847,-75.134512203165,42101015700
622268700,True,40.019712620512,-75.074981257297,42101030000
562277800,True,40.081015620705,-75.03722635666,42101034502
631131400,True,40.07549072668,-75.076186199307,42101034100
82108100,True,39.949156589337,-75.175237353722,42101000803
21503700,True,39.933637507451,-75.15732040017,42101002400
365071000,True,39.93151604482,-75.170384626539,42101003002
561117000,True,40.058937260487,-75.071085771121,42101033800
342111300,True,39.980793164888,-75.244693024081,42101011400
364103300,True,39.930173744174,-75.182511994663,42101003200
621570200,True,40.029998131909,-75.066417657077,42101031700
161230300,True,39.988096436519,-75.16190142487,42101016701
888580006,True,40.103925412601,-75.03097990969,42101035701
62318000,True,39.970935946812,-75.210425983129,42101010700
152136400,True,39.967193055893,-75.164350109674,42101013300
62299200,True,39.969170167778,-75.208986386029,42101010700
243238300,True,39.972324393192,-75.203904401714,42101011000
403180800,True,39.924055730374,-75.232849394986,42101006300
172108700,True,40.028958867083,-75.15017415554,42101028100
361384000,True,39.936163159815,-75.184603682881,42101003200
21246100,True,39.93444303128,-75.159448196747,42101002300
301073600,True,39.943591179663,-75.175735481014,42101001400
888301189,True,39.944315773437,-75.184696429573,42101001302
291029200,True,39.974688513256,-75.174242272065,42101013800
122257300,True,40.046374764501,-75.160634194909,42101024700
292301600,True,39.977964153855,-75.184893655695,42101013701
561464300,True,40.056553613795,-75.060257984091,42101033600
551428100,True,40.035446969505,-75.04456160883,42101031501
372299400,True,39.993718856063,-75.146400851115,42101017500
888092942,True,39.949494831514,-75.170727100952,42101000805
501149400,True,40.072943986723,-75.163512782706,42101026301
192262600,True,39.995804798082,-75.140658519243,42101017500
412214100,True,40.0327394489,-75.031973562466,42101033000
213051000,True,40.019764451588,-75.2067039035,42101021100
888211598,True,40.028675913732,-75.221171316406,42101021400
572363700,True,40.056887598692,-75.003160711001,42101034803
603095900,True,39.953317488768,-75.228673007198,42101008000
313066400,True,39.982299320136,-75.130212711325,42101016100
383043000,True,40.01465101263,-75.191167191737,42101020702
881000923,True,39.964115762655,-75.191541799196,42101010900
214135421,True,40.04409287973,-75.228791535294,42101021700
371303500,True,39.985270472629,-75.147927021899,42101016500
521090800,True,39.97907057915,-75.217102278535,42101011100
261301300,True,39.922324669644,-75.17412303935,42101003901
381176700,True,40.000188352328,-75.173766599726,42101017202
401079700,True,39.933529847461,-75.230609055416,42101006500
412435900,True,40.024271617809,-75.04354158925,42101032500
502095100,True,40.068573253456,-75.166697731099,42101026200
453063600,True,39.996875121258,-75.073192697759,42101018300
57064400,True,39.964951898765,-75.141555927309,42101014201
402091000,True,39.922629501902,-75.222024824748,42101006700
11230515,True,39.93065660976,-75.150144973026,42101002702
33164300,True,39.946364763593,-75.244895144914,42101008200
888580026,False,,,None
421130600,True,40.026018366518,-75.118325121889,42101028902
422228800,True,40.03088146089,-75.128486815426,42101028600
365261700,True,39.936868453961,-75.167478523324,42101002200
583133308,True,40.123268352788,-75.009986176613,42101036501
402081200,True,39.924964538859,-75.224592378258,42101006700
451168600,True,39.983905998172,-75.101101325289,42101037900
302104900,True,39.942163045603,-75.179661051187,42101001302
541221800,True,40.040353559907,-75.071510308315,42101031300
421120800,True,40.02414041711,-75.119543139488,42101028902
631078700,True,40.075672115139,-75.076991650461,42101034100
871027950,True,39.992670165149,-75.148076011186,42101016500
62357600,True,39.971499904882,-75.212684255814,42101010500
172028500,True,40.047957334588,-75.145467667442,42101027700
401053100,True,39.933036908357,-75.225225121575,42101007000
32193400,True,39.951338361058,-75.245841742738,42101008200
871218400,True,39.977880844576,-75.16242956292,42101014700
331104000,True,39.998759522007,-75.117842101572,42101019200
232510100,True,40.006904993221,-75.089416190641,42101029400
604139200,True,39.953088552344,-75.234782616776,42101008102
381255200,True,39.998825443831,-75.176443016937,42101017202
662183100,True,40.086319984818,-74.975338836311,42101036202
463188800,True,39.951075719228,-75.232742317157,42101008102
212073600,True,40.028880212567,-75.213916219921,42101021300
364233600,True,39.934849527482,-75.188749186527,42101003200
311071900,True,39.986394061504,-75.126428122214,42101016100
421009100,True,40.017322552044,-75.112486489228,42101028901
172384700,True,40.046678847065,-75.153753220333,42101027901
422082000,True,40.02296539771,-75.13066685022,42101028700
661031600,True,40.075931950316,-74.995956750364,42101035302
551513300,True,40.03998323252,-75.046645282614,42101031501
301108600,True,39.942733503387,-75.175700313242,42101001400
222101400,True,40.055610258023,-75.187074993251,42101025300
381045100,True,40.002297681394,-75.170294255428,42101017100
632227200,True,40.093295419131,-75.06002563454,42101034400
212414922,False,,,None
331369000,True,39.998635850093,-75.111753543042,42101019200
432343000,True,40.010586402414,-75.142891470004,42101019800
662599600,True,40.08251310491,-74.968642917286,42101036203
292062700,True,39.978893818889,-75.179485355127,42101013702
521329600,True,39.980177683552,-75.228047039644,42101011900
402047900,True,39.927214023653,-75.225385584561,42101006700
281279700,True,39.99344168602,-75.171464465735,42101016901
885325880,True,39.988190768368,-75.113024712609,42101017900
552347900,True,40.024761549799,-75.055890305943,42101032000
56197300,True,39.962488159547,-75.144749144258,42101036700
212414927,False,,,None
192307800,True,39.990159514009,-75.138363362185,42101016300
412249200,True,40.033433108719,-75.043157127538,42101032600
411361300,True,40.017639008625,-75.056634985397,42101032100
622325600,True,40.018706097634,-75.073812259222,42101029900
211065300,True,40.023881513242,-75.217993812892,42101021000
888050066,True,39.94215289409,-75.145670701545,42101001002
593043400,True,40.034912860445,-75.180819565467,42101023800
452257100,True,39.995585154972,-75.105114082382,42101018801
403282200,True,39.919761074085,-75.24398975754,42101006300
182094100,True,39.969975347638,-75.138948942389,42101014400
888115742,True,39.94801899379,-75.16346643856,42101000901
572197466,True,40.066628777303,-75.015987307936,42101034802
251402600,True,39.985327981019,-75.1095841132,42101018002
223205200,True,40.053484957604,-75.189887064228,42101023700
81190500,True,39.946809023399,-75.178308406405,42101001201
171313700,True,40.05046705071,-75.155889519702,42101027700
881128501,True,39.966797471202,-75.250105061085,42101010000
453027300,True,39.996032696482,-75.077526517036,42101018300
882969080,True,39.985008038811,-75.104624356722,42101018002
542370600,True,40.042427969235,-75.067688738192,42101031401
632225400,True,40.098438676613,-75.058033765177,42101034400
394521300,True,39.929854197468,-75.163958624726,42101002900
602091300,True,39.955099827639,-75.224481424448,42101008500
512100200,True,39.937878968648,-75.216723688232,42101007400
572190600,True,40.0612949548,-74.992951586444,42101034803
332076300,True,40.009108636792,-75.095524614918,42101019000
871514750,True,40.062583189658,-75.193010332747,42101038800
41040500,True,39.966174152993,-75.230617742684,42101010200
362209200,True,39.937821021171,-75.193675163774,42101003300
221128400,True,40.055094635629,-75.178047895515,42101025300
342328000,True,39.972802153112,-75.243744934353,42101010100
193030600,True,40.001008184497,-75.133501240043,42101019501
501088300,True,40.071366999315,-75.161971185854,42101026301
394018840,True,39.924509255455,-75.164907081722,42101004001
313185401,True,39.978426563954,-75.12404354908,42101016001
365069597,True,39.931790001381,-75.170325921551,42101003002
412178300,True,40.036421573835,-75.035890396283,42101033000
32172900,True,39.950975978471,-75.239689669586,42101008200
661060800,True,40.074737787984,-74.989101951213,42101035302
511097500,True,39.947536535348,-75.225419986653,42101007300
252260900,True,39.994941638133,-75.114173374279,42101017800
161104600,True,39.987292207679,-75.159987114662,42101016702
513160800,True,39.942979889804,-75.232769999566,42101007200
888084018,True,39.957168977283,-75.177239469735,42101000300
888086200,True,39.962974110043,-75.164715731265,42101013300
661219600,True,40.069401481295,-74.99071032699,42101035301
501295300,True,40.072894042596,-75.160798101841,42101026301
393238000,True,39.923475719458,-75.159576344754,42101004101
311087900,True,39.987594559684,-75.123884568931,42101016100
251009900,True,39.978774807318,-75.111475347364,42101018001
481165500,True,39.927853560845,-75.17075484237,42101003001
522187000,True,39.991950373818,-75.234503119939,42101011700
542183000,True,40.050191873935,-75.065892040189,42101031401
562357400,True,40.074891189214,-75.050279272722,42101033702
612267700,True,40.040793402086,-75.132351415281,42101027500
223182700,True,40.056246335321,-75.191786367026,42101038800
322104000,True,39.982372737682,-75.17136862788,42101015200
888073130,True,39.967875814521,-75.180155383117,42101013601
161134000,True,39.987205429301,-75.160480337262,42101016702
481090300,True,39.927103270858,-75.178023031367,42101003701
393009800,True,39.92465262093,-75.156509355828,42101004101
502431600,True,40.068356971165,-75.176452322726,42101026100
406029800,True,39.920403341039,-75.231787171375,42101006200
581479713,True,40.083570691067,-75.028678636311,42101035500
233088900,True,40.027552211483,-75.106796568418,42101029200
92193910,True,40.063700023242,-75.216703107294,42101038600
252267300,True,39.991039370359,-75.11118783858,42101017900
311069003,True,39.984146339727,-75.130728693631,42101016100
871117550,True,39.996366193739,-75.113361520909,42101017800
652298300,True,40.044295172557,-75.011825717282,42101034900
652011300,True,40.040459379466,-75.024025503309,42101032900
23140900,True,39.94039314496,-75.152071344167,42101001600
491297200,True,40.025814524437,-75.138933667016,42101028400
583165520,True,40.123758296525,-74.995164127266,42101036502
372430300,True,39.998032982254,-75.14136179748,42101017500
401166000,True,39.92682199378,-75.230935664643,42101006600
492020100,True,40.03039519539,-75.132788691637,42101028500
393262500,True,39.917626054445,-75.161001094186,42101004104
888087952,True,39.946783465825,-75.169716721907,42101001204
372248900,True,39.993806981919,-75.150664844037,42101017400
432116400,True,40.006745978381,-75.143612182462,42101019900
871299460,True,40.053222798356,-75.092220876767,42101030600
353238500,True,40.048659685361,-75.096611389949,42101030600
651130700,True,40.037977055163,-75.032589940678,42101033000
501129800,True,40.076073494929,-75.169222684805,42101026000
404347900,True,39.912192875489,-75.237444375371,42101006000
372013500,True,40.001334777412,-75.140283689966,42101017500
394546800,True,39.927744345403,-75.163783321152,42101002802
232322500,True,40.015817229767,-75.078117333786,42101030000
252402600,True,39.987429812302,-75.113570925583,42101017900
152211300,True,39.968486051915,-75.177131312601,42101013601
365372200,True,39.931218034634,-75.173626825197,42101003002
662148300,True,40.074754074706,-74.982982211002,42101036202
451262200,True,39.9877906843,-75.09814410282,42101037900
301351015,True,39.942990597242,-75.172154824901,42101001400
211070700,True,40.024007634698,-75.218038415633,42101021000
181182900,True,39.976093582872,-75.129039676037,42101015800
171172600,True,40.043718408432,-75.150744984149,42101027901
131399419,True,40.021222903636,-75.158651986389,42101020500
411344800,True,40.020065483864,-75.053017605725,42101032300
11383500,True,39.926538117389,-75.154591070126,42101002701
31100200,True,39.957264421086,-75.240361817923,42101008302
101247900,True,40.056923136713,-75.143059489892,42101026700
604013900,True,39.960075481958,-75.232411301548,42101008400
382210500,True,40.013637928231,-75.185704851594,42101020701
394250300,True,39.91855742501,-75.167250021546,42101004002
42047100,True,39.963323892587,-75.232920538032,42101009400
223007100,True,40.04522172143,-75.184522072392,42101023700
71554220,True,39.993103213523,-75.120293802445,42101017702
512011900,True,39.939271124528,-75.219824369437,42101007400
211259900,True,40.024340881132,-75.217297074292,42101021000
421400400,True,40.032046283112,-75.115761314309,42101029000
371400700,True,39.991156448859,-75.151882393514,42101016500
332124100,True,40.01243833552,-75.109774945224,42101019100
292214200,True,39.977788025581,-75.184014915251,42101013702
571295500,True,40.05350268843,-75.033196147845,42101034702
501299700,True,40.065909946052,-75.155909481079,42101026302
11070700,True,39.929507569333,-75.148305521162,42101002702
273118900,True,39.944447043175,-75.213209027925,42101007400
341019400,True,39.965405368586,-75.242464868316,42101009600
652409600,True,40.053106360401,-74.982713732797,42101035100
133086700,True,40.021906235164,-75.159029700073,42101020500
371220000,True,39.992322374104,-75.150629948553,42101016500
451438400,True,39.995003310106,-75.098233191503,42101038200
888020833,True,39.937951619541,-75.148660813629,42101001700
561365100,True,40.056866881885,-75.066751379039,42101033500
884151075,True,39.902325875645,-75.154946810054,42101980701
21083400,True,39.936450195771,-75.154101020678,42101002400
482267000,True,39.92865581599,-75.18495020928,42101003701
391354900,True,39.915090990717,-75.152953615408,42101004202
21267600,True,39.934037081084,-75.157622136985,42101002400
521305001,True,39.984984014639,-75.227799162849,42101011900
332271600,True,40.00829227826,-75.105973156918,42101019100
71353200,True,39.995760697225,-75.128456609249,42101017602
541132600,True,40.03790438373,-75.06786081707,42101031300
451283000,True,39.987383589791,-75.100067270979,42101037900
131278205,True,40.009685443093,-75.159385092536,42101020200
311200310,True,39.985420139777,-75.122114140697,42101016100
331124000,True,39.999161547473,-75.116142129258,42101019200
874552800,True,39.97996063406,-75.137236845757,42101015700
406211800,True,39.917061205733,-75.238829277395,42101006000
481002500,True,39.928303969025,-75.171411187759,42101003001
364348200,True,39.934034312104,-75.191202155868,42101003300
402188200,True,39.924583994771,-75.228863189383,42101006700
884349670,True,39.988536609064,-75.101019470244,42101037900
211287000,True,40.022012008234,-75.213722745981,42101021000
361174200,True,39.935570495709,-75.175527927831,42101002100
441070200,True,39.961618909928,-75.221415566058,42101009300
221183200,True,40.055760769861,-75.179958496097,42101025300
502220900,True,40.070295462956,-75.164982195965,42101026301
884349669,True,39.988513319566,-75.10106378981,42101037900
493144300,True,40.041456379745,-75.140403722659,42101027600
881059016,True,40.023344327904,-75.164057269212,42101024400
243119700,True,39.967930246127,-75.198757395442,42101010800
402027300,True,39.928460556721,-75.22073104597,42101006700
151277700,True,39.968884406917,-75.179883843548,42101013601
214055800,True,40.0512472596,-75.231644266823,42101021800
871507040,True,39.946314842322,-75.240051582718,42101008200
191076000,True,39.985308005071,-75.134681827632,42101016300
531169600,True,40.044366225116,-75.080493029317,42101031101
482317800,True,39.923052319718,-75.187174176177,42101003600
602106800,True,39.954781319135,-75.227067732464,42101008500
131167600,True,40.011886373992,-75.153238622463,42101020102
342148100,True,39.973595449784,-75.238176250258,42101010100
281352700,True,39.995736320417,-75.172934530785,42101016901
172391700,True,40.042974483467,-75.154564393031,42101027901
392117800,True,39.921048279295,-75.154139738223,42101004201
514039500,True,39.938012388924,-75.227028442307,42101007101
592251700,True,40.04765664178,-75.176925141881,42101025200
652389400,True,40.050489020662,-74.995541179065,42101035200
344023500,True,39.974446428994,-75.252983851328,42101010000
162116700,True,39.989501985245,-75.16467050304,42101016800
871507050,True,39.946302916806,-75.240053859408,42101008200
482297900,True,39.923738802617,-75.185970859478,42101003702
172412800,True,40.0417315178,-75.155253985304,42101027902
321082100,True,39.98375588976,-75.158426641764,42101015300
302140500,True,39.944565980724,-75.177172076055,42101001302
62246400,True,39.969450282488,-75.205730116246,42101010700
572227200,True,40.061451555827,-75.01616832636,42101034802
888093790,True,39.948318503634,-75.164919640907,42101000806
251248900,True,39.983116797205,-75.105946388985,42101018002
402270600,True,39.921406227143,-75.225215383626,42101006700
232149400,True,40.014146434378,-75.079023873359,42101030000
871181650,True,39.917060288668,-75.168643861866,42101004002
501003000,True,40.06368806149,-75.154314098712,42101026302
301286400,True,39.942852266215,-75.168234176742,42101001400
54247400,True,39.946712878195,-75.157049195676,42101000902
604104800,True,39.953859843108,-75.232792197878,42101008102
884462355,True,40.000861291557,-75.119484161007,42101019200
394107000,True,39.920003123831,-75.165961103486,42101004002
551254200,True,40.037708911662,-75.057354322776,42101031502
171157700,True,40.043482706653,-75.148821629096,42101027800
491470800,True,40.022935534095,-75.145117504084,42101028300
313052800,True,39.977866047827,-75.127194378136,42101016002
433405500,True,40.015768140482,-75.14974532697,42101020300
421281000,True,40.018488155435,-75.124421512656,42101028800
888061964,True,39.961481984949,-75.136266755942,42101036600
412152500,True,40.036176351085,-75.036466020339,42101033000
223134500,True,40.054320988979,-75.191625125369,42101023700
324033800,True,39.981429329879,-75.182588799,42101014900
551378165,True,40.038819793833,-75.052557551704,42101031502
406131700,True,39.916107303914,-75.235369410154,42101006200
71423100,True,39.992144124977,-75.125082522692,42101017702
71562800,True,39.990795535818,-75.12388026066,42101017702
642050400,True,40.043077943478,-75.02909781738,42101033102
302236800,True,39.941099395804,-75.183391586457,42101001301
314252900,True,39.982925004137,-75.118705833034,42101016002
41318800,True,39.979016633761,-75.23235677595,42101011300
401346400,True,39.926578657747,-75.231458699273,42101006600
41145450,True,39.970522311302,-75.229687817307,42101010200
885235900,True,39.987605968559,-75.11573041135,42101017900
21496200,True,39.934592802548,-75.157814079906,42101002300
402075100,True,39.9243664992,-75.223677008615,42101006700
442307800,True,39.967226116755,-75.225873987291,42101010300
51178400,True,39.943274400389,-75.146254503567,42101001002
111026700,True,39.996613621413,-75.163084197171,42101017300
871298190,True,39.987222639208,-75.156149338101,42101016702
291081100,True,39.976207194587,-75.17582442635,42101013800
391270200,True,39.923692072366,-75.149444686149,42101004201
403056600,True,39.923070375534,-75.236917138146,42101006300
663226200,True,40.098041223545,-74.976400510944,42101036303
882928820,True,40.048753193688,-75.01222059929,42101034900
592076300,True,40.047012402178,-75.172528449338,42101025200
261369400,True,39.916498546493,-75.176290352476,42101003902
888091380,True,39.962325527037,-75.171327291911,42101012502
531241800,True,40.037453863763,-75.086309775185,42101031102
603086300,True,39.953952518401,-75.229173479714,42101008500
884345255,True,39.986810577144,-75.115027326481,42101017900
871533750,True,39.995430173143,-75.115163172315,42101017800
592044500,True,40.044472875011,-75.172565501709,42101025200
54225400,True,39.945858757958,-75.153191372536,42101000902
532182200,True,40.050345510608,-75.079787678723,42101031000
21459510,True,39.933086252502,-75.154744696235,42101002400
411160700,True,40.022172497496,-75.056147642075,42101032300
212272802,True,40.0346059231,-75.223217432319,42101021300
581401221,True,40.092348324714,-75.021801070273,42101035500
371233700,True,39.988130100808,-75.152052790337,42101016600
541286800,True,40.038726952225,-75.068586857662,42101031300
291261800,True,39.980858182281,-75.174308450734,42101014900
62239750,True,39.967576413986,-75.204296004808,42101010700
412218500,True,40.036789825571,-75.034913685082,42101033000
882816010,True,39.980839464775,-75.246494471133,42101011400
223269300,True,40.049142065799,-75.19316829482,42101023700
252338600,True,39.984508567215,-75.116329466066,42101017900
91069900,True,40.070423915333,-75.196935471147,42101025700
402081800,True,39.924350137542,-75.223862008105,42101006700
514078600,True,39.929784403395,-75.242008159707,42101006400
122283900,True,40.047983307246,-75.159423333585,42101024900
463180300,True,39.950831627014,-75.232032399416,42101008102
382112900,True,40.011833340297,-75.189659508065,42101020701
282051800,True,39.993153187463,-75.180597556005,42101016902
402221400,True,39.92548745499,-75.225759394196,42101006700
571092400,True,40.059102319174,-75.03156426651,42101034701
183089400,True,39.977662210857,-75.135846852796,42101015700
364274500,True,39.933854902893,-75.188566081188,42101003200
882922435,True,39.993940881491,-75.147729089858,42101017400
232515600,True,40.009940614288,-75.087493750467,42101029400
652274800,True,40.044402423071,-75.012992534853,42101034900
151270200,True,39.970870793523,-75.178868963795,42101013602
301033200,True,39.94416314787,-75.173771473548,42101001400
471240110,True,39.976624892789,-75.162551300203,42101014700
192307900,True,39.990160423154,-75.13837063534,42101016300
261209600,True,39.920781628917,-75.173187610498,42101003902
604172000,True,39.9556767232,-75.238831302461,42101008400
381124900,True,39.998643970028,-75.172967738378,42101017202
572092600,True,40.058272850923,-75.015645843113,42101034802
233088200,True,40.027419750827,-75.106917465046,42101029200
101289900,True,40.06296313708,-75.145702585878,42101026600
252179000,True,39.989901596983,-75.115395783854,42101017800
342144600,True,39.970770787267,-75.23764736836,42101010100
888303636,True,39.944058326795,-75.180457045187,42101001302
871539000,True,39.974362627494,-75.182357972585,42101013702
323102600,True,39.98745655994,-75.182782907275,42101015102
611028900,True,40.050067324772,-75.120322883496,42101027200
622009200,True,40.014609675371,-75.073997096874,42101029900
888211570,True,40.028675913732,-75.221171316406,42101021400
162262500,True,39.990816723136,-75.166407631963,42101016800
551507900,True,40.041256550144,-75.048875945631,42101031501
542147900,True,40.04847552817,-75.068630335653,42101031401
351314500,True,40.042350060381,-75.105270546961,42101030502
888660298,True,40.088830584078,-74.974342232821,42101036202
12018500,True,39.931755098614,-75.155198255719,42101002801
91057700,True,40.066996766461,-75.191429987244,42101025600
353208500,True,40.050137540677,-75.098955258148,42101030600
888650035,True,40.048876857159,-74.987690872737,42101035100
592255900,True,40.046919250453,-75.174990849332,42101025200
261333200,True,39.91938354791,-75.175237383815,42101003902
581319000,True,40.092418336861,-75.039522336443,42101035601
12462800,True,39.933095254986,-75.160672573739,42101002900
591103500,True,40.039342284739,-75.174134899455,42101024600
662610200,True,40.081716465126,-74.969016640786,42101036203
212062500,True,40.027586485583,-75.214256594548,42101021000
888094604,True,39.953866111187,-75.175146722312,42101000401
393330500,True,39.921773002138,-75.162309929759,42101004101
292193000,True,39.975163467853,-75.183882439135,42101013702
511068200,True,39.944475744982,-75.228497692771,42101007200
131059600,True,40.009980301524,-75.156404145807,42101020102
61203300,True,39.960541851469,-75.204478645338,42101009200
43272100,True,39.975098018566,-75.234157686707,42101011200
62061100,True,39.968099158475,-75.20691625736,42101010700
871551340,True,39.932394365101,-75.173877990051,42101003002
151340175,True,39.971724418306,-75.184596350144,42101013602
451184000,True,39.986231449783,-75.09693276813,42101037900
461182100,True,39.946255526276,-75.21202015659,42101007800
551224400,True,40.036091717663,-75.056178965024,42101031502
403281700,True,39.919869538048,-75.243834664214,42101006300
151189300,True,39.969367725366,-75.175566922071,42101013601
365260100,True,39.937857383768,-75.172049749007,42101002200
352103300,True,40.041596279689,-75.098482837742,42101030501
361367100,True,39.93741351773,-75.183590682178,42101002000
292119700,True,39.976593687269,-75.182014211741,42101013702
212390800,True,40.056148273752,-75.236795512641,42101021900
583045900,True,40.133962921752,-75.014706486557,42101036501
401256500,True,39.928721642695,-75.235813933427,42101006400
401195300,True,39.926681824827,-75.234587491139,42101006600
362179000,True,39.937088837828,-75.192576121574,42101003300
492132500,True,40.031032097188,-75.136820293487,42101028200
212121100,True,40.032602356555,-75.218086585452,42101021300
571057600,True,40.061804965207,-75.025591652324,42101034702
405882646,True,39.903390629444,-75.251056215455,42101005500
642138900,True,40.04132764053,-75.040826500637,42101033101
502316300,True,40.069208190933,-75.164473177255,42101026301
152300743,True,39.971924450554,-75.183060396039,42101013602
406223800,True,39.916961739099,-75.237889318909,42101006000
881070692,True,39.987132031382,-75.156168790632,42101016702
12305000,True,39.928488418943,-75.158920251481,42101002802
172331800,True,40.044336620321,-75.154936857692,42101027901
202202050,True,39.975849583191,-75.152962644663,42101014600
61216400,True,39.963697080491,-75.205654072258,42101010600
252233800,True,39.989276431312,-75.110675463273,42101017900
652412202,True,40.047079835012,-74.992491343169,42101035100
191081800,True,39.984180150347,-75.135242022682,42101016200
652412201,True,40.047069499089,-74.992509027288,42101035100
406087100,True,39.919345365912,-75.23356814132,42101006200
122046200,True,40.044795988507,-75.159860922387,42101024700
332156700,True,40.013202843987,-75.10781825767,42101019100
112191900,True,40.006635987227,-75.154383400352,42101020101
81118400,True,39.945772025143,-75.170617143457,42101001204
422156100,True,40.027005479304,-75.130883057788,42101028600
632014900,True,40.08026960301,-75.074017214933,42101034200
365294100,True,39.936643862739,-75.172624471829,42101002200
221167600,True,40.054330529234,-75.180809911456,42101025300
31106400,True,39.957620537064,-75.244615849683,42101008301
482406800,True,39.93358882879,-75.196139792477,42101003600
888152732,True,39.971871261823,-75.18398910533,42101013602
171306400,True,40.050098879503,-75.151154882294,42101027700
581459000,True,40.085169428237,-75.028395411253,42101035500
183233500,True,39.979167263224,-75.134406170883,42101015700
453280600,True,39.99758035647,-75.074951200805,42101018300
403198809,True,39.924785737327,-75.243790002589,42101006400
181020980,True,39.968205253145,-75.133279724603,42101014300
551284500,True,40.033766834627,-75.050032303671,42101031501
172001115,True,40.031083156413,-75.14654750178,42101028100
282155600,True,39.996435011422,-75.182507771547,42101016902
661276900,True,40.068520233499,-74.985794883917,42101035301
213158800,True,40.031959020005,-75.20889812322,42101021200
888091968,True,39.962325527037,-75.171327291911,42101012502
313033400,True,39.978617842316,-75.128701591447,42101016002
152192210,True,39.967956663228,-75.175617484559,42101013601
381028700,True,39.997914407834,-75.17134177809,42101017202
71339710,True,39.995739498573,-75.12893377493,42101017602
314087900,True,39.985735445571,-75.126264717151,42101016100
551075100,True,40.032147360887,-75.058994950166,42101031600
301345100,True,39.939640679845,-75.172375621497,42101001900
551480600,True,40.036610211691,-75.043467373745,42101031501
591146500,True,40.05479793251,-75.158873024821,42101024900
57184160,True,39.966608657893,-75.142786231727,42101014201
372249000,True,39.993836639184,-75.150658625577,42101017400
888054558,True,39.946453384789,-75.151295104295,42101001001
21068810,True,39.937049885599,-75.155902555083,42101002400
663248500,True,40.0987210394,-74.96463922394,42101036303
353148615,True,40.053107060497,-75.088167627363,42101030700
441015000,True,39.961555326271,-75.224927998969,42101009300
521073300,True,39.984876029539,-75.230745387156,42101011900
212410268,True,40.067361020984,-75.249182851099,42101022000
651082600,True,40.034026032358,-75.031421046293,42101033000
888052380,True,39.95439716556,-75.146298670037,42101000102
611112000,True,40.047825787812,-75.128961877558,42101027000
43130900,True,39.972483395281,-75.236022791546,42101011200
222274300,True,40.067549798262,-75.179549281873,42101025500
182255700,True,39.974339428692,-75.143184707316,42101014400
888660360,True,40.088830584078,-74.974342232821,42101036202
432278400,True,40.009578749017,-75.140030239757,42101019800
12095300,True,39.930173604916,-75.158096739413,42101002801
871502020,True,39.931180279094,-75.16449268684,42101002900
621286800,True,40.034644480785,-75.068682134508,42101031700
61005130,True,39.961243825162,-75.21345736428,42101010500
502109700,True,40.068316550203,-75.164982339806,42101026200
888154172,True,39.967528559587,-75.167438531329,42101013500
452202100,True,40.0001370555,-75.09930131176,42101038200
593113900,True,40.04398310625,-75.182660020585,42101023800
211329610,True,40.022765958587,-75.213427810972,42101021000
888030558,True,39.953661357761,-75.156729613385,42101000200
571026700,True,40.056644781085,-75.032545227202,42101034702
871576700,True,40.069345195914,-75.157052791651,42101026302
102365100,True,40.054904068721,-75.155861343825,42101026500
502441500,True,40.067742721456,-75.179156686122,42101026100
888030320,True,39.943061283815,-75.145467647697,42101001002
531291500,True,40.037754408846,-75.083229676861,42101031102
392015300,True,39.924021696242,-75.153586996332,42101004201
51185800,True,39.944029382987,-75.152271760425,42101001001
871502030,True,39.93113705279,-75.164501586375,42101002900
551031300,True,40.031883043936,-75.061718907022,42101031600
611333400,True,40.047836445258,-75.123701348701,42101027100
888054579,True,39.946453384789,-75.151295104295,42101001001
513199300,True,39.94182231982,-75.232434644327,42101007200
121033100,True,40.029933654865,-75.162947172517,42101024500
151304500,True,39.971043523334,-75.181039725259,42101013602
641120700,True,40.041619378912,-75.051404636299,42101031502
342131000,True,39.982094172687,-75.244448414305,42101011400
572216800,True,40.062436081147,-75.007859083571,42101034803
403116100,True,39.927419415531,-75.237672645643,42101006400
123036700,True,40.027513407823,-75.161866833586,42101024400
888092828,True,39.949494831514,-75.170727100952,42101000805
561420800,True,40.058952697592,-75.066344701118,42101033500
871240000,True,40.037546588455,-75.042349280715,42101031501
432128550,True,40.005775950169,-75.145769669356,42101019900
62055000,True,39.96786297489,-75.210607966118,42101010600
33006700,True,39.950967503962,-75.24382147219,42101008200
592187500,True,40.042265805169,-75.177383667172,42101025200
401349000,True,39.925699889216,-75.232721786476,42101006600
888650982,True,40.036533532062,-75.025480451673,42101032900
21368900,True,39.9316634805,-75.146169866801,42101002500
314013000,True,39.98149977575,-75.124377279012,42101016002
322096800,True,39.982213297347,-75.171251181481,42101015200
211377910,True,40.029970134454,-75.225136655333,42101021400
132039800,True,40.019259101788,-75.150665708353,42101020400
402083500,True,39.923873945779,-75.223278478159,42101006700
402044300,True,39.925978599619,-75.223839938604,42101006700
612055800,True,40.038447439458,-75.125311247514,42101027402
622359500,True,40.017589492503,-75.073471496536,42101029900
111374500,True,39.998009626071,-75.168768957226,42101017201
343184000,True,39.974962236828,-75.265257439997,42101009802
582467900,True,40.106957042788,-75.032958549702,42101035701
181212300,True,39.977218574865,-75.130228378575,42101015800
571041910,True,40.069438982218,-75.030611685598,42101034600
421367000,True,40.019491781683,-75.118504403943,42101028901
612064500,True,40.038908712775,-75.125460732856,42101027402
102252400,True,40.060627503777,-75.163198629625,42101026400
612175000,True,40.042853720884,-75.127633173799,42101027401
406167000,True,39.914643903955,-75.237149492515,42101006000
401165200,True,39.927013559423,-75.231162926973,42101006600
552329100,True,40.026628173541,-75.053432391136,42101032000
542173100,True,40.045494683816,-75.070336779558,42101031401
162219000,True,39.994466743723,-75.167901806919,42101016800
364096600,True,39.930232979542,-75.182059387113,42101003200
332546100,True,40.010186415474,-75.096180035733,42101019000
888660566,True,40.095115683883,-74.977890114057,42101036302
41006900,True,39.963844388077,-75.230842723621,42101009400
412079300,True,40.032642950478,-75.037130371246,42101033000
252037700,True,39.988339227815,-75.118889006127,42101017800
32045800,True,39.955499360016,-75.242574599521,42101008302
651095500,True,40.0344973509,-75.031225813211,42101033000
133103700,True,40.024746852616,-75.168614270044,42101024200
542262900,True,40.044785728901,-75.06838659256,42101031401
541124100,True,40.04056322949,-75.075898935909,42101031300
521403300,True,40.000244563137,-75.213066973247,42101012204
323018100,True,39.984629990801,-75.183276539307,42101015102
406202500,True,39.92257832376,-75.231719331756,42101006200
394198680,True,39.925815821269,-75.164476008414,42101004001
881514500,True,39.945926475528,-75.161252784337,42101001101
132111900,True,40.0226411051,-75.151552643686,42101028000
582235800,True,40.118815074023,-75.029204109799,42101035800
433160700,True,40.013442226337,-75.146376647837,42101019800
632049700,True,40.091272068442,-75.060874685118,42101034400
663120100,True,40.099903743047,-74.966677742886,42101036303
42169500,True,39.966540862678,-75.239033667364,42101009500
262193300,True,39.92311494635,-75.18166732538,42101003800
101223200,True,40.054364602686,-75.143594298874,42101026700
314116500,True,39.988109546709,-75.127530116462,42101016100
123219400,True,40.025616921785,-75.170466807802,42101024200
888054531,True,39.946453384789,-75.151295104295,42101001001
221031500,True,40.059980238694,-75.168894039248,42101038900
34109600,True,39.935933467331,-75.231843483294,42101006500
343105600,True,39.96855139655,-75.248721889381,42101010000
422399500,True,40.029805225986,-75.126585643726,42101028600
451136900,True,39.988013202111,-75.091547570622,42101037800
261167600,True,39.919407524036,-75.17257266921,42101003902
882931440,True,40.014924258467,-75.109107365497,42101019100
361124600,True,39.935191548735,-75.17948243845,42101003100
41184200,True,39.963691608899,-75.231257854213,42101009400
181119308,True,39.974342907241,-75.131657070227,42101015800
581037500,True,40.086648191473,-75.031919450855,42101035500
183172930,True,39.975756507661,-75.14384892766,42101015600
324067501,True,39.983038749465,-75.185203011227,42101014900
152070410,True,39.966285655969,-75.174469103901,42101013401
251471500,True,39.985082262737,-75.113046155786,42101017900
id,False,,,None
552265800,True,40.029095195616,-75.05180241613,42101032000
881000683,True,39.965826839847,-75.162333382235,42101013300
601092400,True,39.953404557059,-75.22025162099,42101008601
412017400,True,40.027191604551,-75.046400562455,42101032500
421375900,True,40.024292757035,-75.117471964411,42101028902
662232900,True,40.080975560421,-74.969128312146,42101036203
462127900,True,39.947832147417,-75.228153438484,42101008000
431073700,True,40.005127977635,-75.148725941408,42101020300
422213200,True,40.029516102444,-75.126019517171,42101028600
882148210,True,40.042135603415,-75.108255697464,42101029100
323340900,True,39.984946036383,-75.187782201245,42101015101
314236600,True,39.988115995719,-75.124587488048,42101016100
403082200,True,39.928589924705,-75.241848961159,42101006400
888062584,True,39.961481984949,-75.136266755942,42101036600
361034200,True,39.937439266166,-75.177318292993,42101002100
55119600,True,39.961495221751,-75.143183946094,42101036700
92307010,True,40.059995346168,-75.203528884243,42101038600
233116900,True,40.026969530016,-75.106158559912,42101029200
581348000,True,40.096848552997,-75.02165800065,42101035500
511181900,True,39.941752704036,-75.218372278605,42101007400
882936275,True,40.050401075192,-75.094934330234,42101030600
73226000,True,40.000006616234,-75.128419091681,42101019501
561019500,True,40.060815578822,-75.081934070798,42101033800
888500856,True,39.942750006829,-75.143744337802,42101001002
402108000,True,39.923032149661,-75.223912993229,42101006700
223240300,True,40.046468198709,-75.195941954083,42101023600
522182900,True,39.986871834008,-75.245094564045,42101011700
888520666,True,40.003625319533,-75.20281748397,42101012204
151027710,True,39.967366013159,-75.165224312456,42101013300
502266500,True,40.074623804476,-75.170677339794,42101026000
281089500,True,39.994006879977,-75.176931066536,42101016901
252052700,True,39.988905752494,-75.118735653149,42101017800
501005000,True,40.064056893254,-75.154968774951,42101026302
71157300,True,39.993576873363,-75.13392938051,42101017601
162201700,True,39.989783873701,-75.168172512305,42101016800
351223000,True,40.033247994134,-75.090199993991,42101039001
442296305,True,39.97443337425,-75.226481090956,42101011100
662119051,True,40.09219125408,-74.978930065306,42101036202
344240700,True,39.975769611171,-75.24785018569,42101011400
871505940,True,39.957000396525,-75.24593284459,42101008301
364177500,True,39.933602944284,-75.185525893035,42101003200
332493100,True,40.009067314037,-75.099141667073,42101019000
171346300,True,40.05230942858,-75.151880137704,42101027700
133038100,True,40.023464510738,-75.165012942571,42101024400
561044500,True,40.060069515754,-75.078737309301,42101033800
552385900,True,40.023107057272,-75.057606209019,42101032000
888087885,True,39.946645583258,-75.169898046069,42101001204
124030430,True,40.024530956477,-75.178490579033,42101024000
888038436,True,39.952322844395,-75.145961088089,42101000102
122125400,True,40.051469229837,-75.158575257267,42101024900
871561600,True,39.925005816037,-75.23524823479,42101006300
403303900,True,39.917050574404,-75.24516461823,42101006300
365083500,True,39.93049717707,-75.170757915313,42101003001
611104400,True,40.051143121674,-75.127367862398,42101027000
888092186,True,39.951559739368,-75.167205617098,42101000403
393299900,True,39.922585859274,-75.160066996432,42101004101
403123300,True,39.926175114672,-75.237663654925,42101006400
332560800,True,40.012311101681,-75.094802040385,42101019000
234030400,True,40.012975084079,-75.091963811376,42101029300
292032800,True,39.97520519998,-75.18238706587,42101013702
72146000,True,40.018191273909,-75.132513297011,42101038301
401089800,True,39.931275647443,-75.228620650371,42101006600
441192300,True,39.96090367759,-75.227787536603,42101009300
392298600,True,39.920532168575,-75.155944634616,42101004101
453356400,True,40.00815107118,-75.076374184389,42101038000
212160200,True,40.025729507697,-75.213143397363,42101021000
541088100,True,40.036324056381,-75.075103201298,42101031200
421623700,True,40.018456714147,-75.109376294561,42101028902
592033200,True,40.044161958714,-75.17269643947,42101024600
572168813,True,40.066792909706,-75.006503180571,42101034803
282314700,True,39.991949854711,-75.182000972586,42101016902
302187300,True,39.941873940949,-75.181576281994,42101001301
252442100,True,39.991571788343,-75.110520461822,42101017900
402083100,True,39.923956761737,-75.223379961628,42101006700
132123500,True,40.022463743944,-75.151742457136,42101028000
531200300,True,40.044456593095,-75.085449364213,42101030900
71021500,True,39.997991669186,-75.12963432598,42101017602
371220100,True,39.992342294655,-75.150625421155,42101016500
871117650,True,39.996290995029,-75.113294762885,42101017800
482224600,True,39.92435640109,-75.183783154776,42101003702
581256000,True,40.102536170345,-75.038252420305,42101035601
888093292,True,39.959163390812,-75.14545054535,42101036700
451066700,True,39.995424253329,-75.098890634232,42101038200
131213000,True,40.009090286707,-75.156130605719,42101020102
12219200,True,39.930506896983,-75.158556838574,42101002802
343177000,True,39.973309307932,-75.26667432008,42101009802
394307000,True,39.920715319131,-75.166965574907,42101004002
331427105,True,39.993429991216,-75.119073601257,42101017701
531305300,True,40.036983769233,-75.082997596458,42101031102
393511700,True,39.91690095972,-75.164384361667,42101004002
71150700,True,39.993949974277,-75.133696328521,42101017601
181437500,True,39.97374110364,-75.130442207691,42101015800
214267600,True,40.068800338751,-75.234337099185,42101038400
365069400,True,39.931808265152,-75.170322007885,42101003002
621482300,True,40.025030096751,-75.079087306351,42101030200
882937390,True,40.069359267009,-75.15705713946,42101026302
888072120,True,39.947201768637,-75.162597075248,42101000901
888560171,True,40.083878421447,-75.040405337702,42101034502
463252900,True,39.947016307126,-75.237910345037,42101008101
234066800,True,40.019723470531,-75.089573602487,42101030100
181155200,True,39.972880076413,-75.128645095239,42101015800
593202800,True,40.032890037142,-75.183113561187,42101023900
581244000,True,40.100344584632,-75.044616581923,42101035602
402028200,True,39.928115097033,-75.220323369468,42101006700
132076800,True,40.017972632766,-75.151611690695,42101020400
43168900,True,39.973616185884,-75.237549952574,42101011200
111344000,True,39.996165205387,-75.168440800015,42101017201
112047900,True,40.005098994532,-75.15604202942,42101020101
341195900,True,39.967403465778,-75.24291203126,42101009600
42154400,True,39.965915624789,-75.238421072588,42101009500
62374900,True,39.967427813149,-75.213693861956,42101010500
662491600,True,40.100304403123,-74.995534785178,42101036100
365138600,True,39.930417200936,-75.171810891317,42101003001
581315857,False,,,None
422300700,True,40.034727397647,-75.122539224942,42101027300
522180900,True,39.990106652552,-75.239010163386,42101011700
871543240,True,39.997014863167,-75.117898345039,42101017701
252560700,True,39.99290256722,-75.118936488898,42101017800
213139600,True,40.029721078223,-75.209136289341,42101021100
405857500,True,39.905772589137,-75.244268074559,42101005500
123193900,True,40.026306903063,-75.167310950656,42101024200
351374500,True,40.038430871231,-75.091255221437,42101039001
41006200,True,39.963802607386,-75.230512395169,42101009400
12156000,True,39.925803948184,-75.157628513317,42101002801
888151319,True,39.96572046147,-75.165852085733,42101013402
393180802,True,39.923541808104,-75.158126681215,42101004101
561515500,True,40.055972460072,-75.052588640392,42101033400
32255200,True,39.954487897181,-75.248394113447,42101008301
92111100,True,40.049298503811,-75.200386748944,42101038600
663289600,True,40.098724867431,-74.971852640341,42101036303
341087000,True,39.968766109351,-75.239415455144,42101010100
364041400,True,39.933116602676,-75.182141155892,42101003200
885976720,True,39.994603217611,-75.15927878387,42101017300
491125500,True,40.026934412053,-75.141275741715,42101028300
61189900,True,39.966878756701,-75.204010986506,42101010700
392239300,True,39.924058597232,-75.152220095441,42101004201
221138600,True,40.0510817173,-75.183234656751,42101025300
532276400,True,40.051763228921,-75.075785350684,42101031000
42138400,True,39.964476706116,-75.2350019533,42101009400
322217900,True,39.982850459538,-75.177560065486,42101015102
252074100,True,39.98869295221,-75.117543879813,42101017800
151276700,True,39.971979299185,-75.178780595956,42101013602
372131401,True,39.99927809675,-75.144255577693,42101017500
182165000,True,39.972052626606,-75.136706487758,42101014400
213412310,True,40.042087128788,-75.225863887249,42101021700
112099800,True,40.006879745588,-75.156947529269,42101020101
888080385,True,39.948199737395,-75.164896044773,42101000806
491076000,True,40.022445374474,-75.136759815138,42101028400
111238300,True,39.997345627413,-75.162664219678,42101017300
131404300,True,40.017210080119,-75.15678063532,42101020500
531227600,True,40.042107621172,-75.084759715966,42101030900
381036900,True,40.002756254212,-75.170043030991,42101017100
71241600,True,39.994197304827,-75.120616377163,42101017702
352219700,True,40.046651689914,-75.106976271604,42101030502
421351500,True,40.019268752023,-75.118703925525,42101028901
261386050,True,39.909301494169,-75.175440121164,42101037300
191387000,True,39.983399812775,-75.143165562,42101016200
172340200,True,40.028864886119,-75.155208589076,42101028000
482271400,True,39.928655401596,-75.184393075352,42101003701
552281100,True,40.02261917047,-75.062880777447,42101031900
361242200,True,39.938653229566,-75.181882614281,42101002000
885988920,True,39.982480994774,-75.094003048476,42101037800
612252600,True,40.035865501465,-75.133584991629,42101027500
62061000,True,39.96810180656,-75.206892322745,42101010700
422134000,True,40.02613230879,-75.128163844211,42101028600
406641100,True,39.91193639816,-75.231982878261,42101006000
332225600,True,40.006087355965,-75.107299753966,42101019100
372248800,True,39.993777324654,-75.150671062497,42101017400
501259800,True,40.075503212305,-75.162343985393,42101026301
381012700,True,39.997936033913,-75.170843361978,42101017202
131351600,True,40.018694659882,-75.15808772705,42101020500
232434100,True,40.017238002818,-75.084645347193,42101030100
885078460,True,39.973012464752,-75.204186945807,42101011000
344118800,True,39.982529026456,-75.25247158337,42101037500
12505800,True,39.931414465024,-75.16649164048,42101002900
888290664,True,39.974976860531,-75.181798693317,42101013702
214095100,True,40.065863717911,-75.229237626513,42101038400
451220900,True,39.986917995357,-75.09739240996,42101037900
882020750,True,39.99910171997,-75.167713913482,42101017201
222154600,True,40.061770785699,-75.186658523187,42101025500
211350700,True,40.02994131101,-75.219218654811,42101021400
882016010,True,39.917041704909,-75.168496431029,42101004002
582476020,True,40.11939838197,-75.024518547699,42101035800
562440989,True,40.079552023948,-75.037869138242,42101034502
394556218,True,39.927361313184,-75.164158700456,42101002802
514037200,True,39.938052430375,-75.226873639431,42101007101
651028500,True,40.030683623635,-75.031071198714,42101033000
71562700,True,39.990782802093,-75.123902470645,42101017702
381160500,True,40.004938981492,-75.172177201717,42101017100
502310700,True,40.065569070174,-75.167833734367,42101026200
193250600,True,40.004118146611,-75.1335684199,42101019502
301417000,True,39.942756244423,-75.175578833557,42101001400
502258100,True,40.071698838857,-75.165588768955,42101026301
572056031,True,40.060756396296,-75.022128187573,42101034801
562118200,True,40.064684824058,-75.050990037579,42101033701
364301200,True,39.932838565672,-75.18984653715,42101003300
433198300,True,40.016048195765,-75.148047825652,42101020300
221149700,True,40.05117268165,-75.183331858116,42101025300
313028400,True,39.981288052184,-75.131066917216,42101016100
252250400,True,39.994735052531,-75.114171315944,42101017800
11325104,False,,,None
111072700,True,39.99861424937,-75.153939437234,42101020101
183297400,True,39.981114755381,-75.139166179694,42101015600
882005100,True,39.980181499803,-75.133105135389,42101016100
393058100,True,39.922335724781,-75.1570442123,42101004101
881000483,True,39.984755674991,-75.129813864146,42101016100
513239000,True,39.940312469087,-75.231953103734,42101007102
183112305,True,39.976304875968,-75.138178480867,42101015700
181231600,True,39.97687383791,-75.128237546763,42101015800
581479810,True,40.083630302634,-75.028619682225,42101035500
365201011,True,39.935737068441,-75.172258562988,42101002200
582467100,True,40.10711285519,-75.033222926441,42101035701
395177600,True,39.91467540644,-75.15925659409,42101037200
11056905,True,39.930040659855,-75.147107819722,42101002702
252028400,True,39.987786683918,-75.119253231366,42101017800
502182200,True,40.077232167597,-75.178858224562,42101025900
662342900,True,40.074576665632,-74.973484724732,42101036203
888091236,True,39.962325527037,-75.171327291911,42101012502
212364820,True,40.049104469909,-75.238533655485,42101021900
393422915,True,39.916952378959,-75.162607688154,42101004104
12168400,True,39.927447967229,-75.155643493989,42101002801
232369400,True,40.00938553361,-75.08293110297,42101029400
364191600,True,39.931337809369,-75.186105450905,42101003200
262050400,True,39.918407405552,-75.17694310919,42101003902
622239900,True,40.020889374526,-75.075845716014,42101030000
311263700,True,39.980457766066,-75.124769612037,42101016002
481263200,True,39.926087929477,-75.176407554696,42101003701
611297700,True,40.045808635389,-75.129396254712,42101027000
412223400,True,40.03495677652,-75.033307916756,42101033000
222115000,True,40.059681016683,-75.182984659874,42101025500
652316310,True,40.052624099799,-74.997912191733,42101035200
182011700,True,39.969777725793,-75.135106913023,42101014400
502374100,True,40.064843704148,-75.173281609947,42101026200
361360400,True,39.937485937756,-75.183159358298,42101002000
661033100,True,40.074666705963,-74.995615015304,42101035302
324062000,True,39.982936667064,-75.185314202968,42101014900
62331800,True,39.970797594905,-75.211662485516,42101010700
871563260,True,40.018053249271,-75.05835995215,42101032100
31191100,True,39.961580584499,-75.244969215817,42101008301
432125400,True,40.005803660362,-75.145763706402,42101019900
421593600,True,40.01848606617,-75.112748604011,42101028902
871541490,True,39.980273859156,-75.126691430751,42101016002
402213300,True,39.923911928401,-75.22889316779,42101006700
401350800,True,39.926343816076,-75.230703014293,42101006600
223021800,True,40.046032572001,-75.185756102249,42101023700
252110200,True,39.98653070346,-75.114779810196,42101017900
351352500,True,40.031738795574,-75.106615229886,42101029100
871533630,True,39.995007332846,-75.115937184571,42101017800
405160710,True,39.900507878025,-75.244677743327,42101005600
313143300,True,39.98094198601,-75.127291387545,42101016002
301369700,True,39.939437662287,-75.173497746433,42101001900
212118200,True,40.03298607587,-75.216041839451,42101021300
151197900,True,39.970617821325,-75.17563134068,42101013602
191027800,True,39.984305416645,-75.133305783916,42101016200
56037400,True,39.958629719152,-75.158705793596,42101037600
161264600,True,39.988105851217,-75.158138956915,42101016702
82127000,True,39.949200622498,-75.180046513946,42101000801
888035748,True,39.969354135207,-75.143148801082,42101014201
433146900,True,40.012191288267,-75.142386688707,42101019800
493083000,True,40.050443337642,-75.137315570895,42101027000
631056600,True,40.075187779762,-75.081741658421,42101034100
302193100,True,39.94105366319,-75.178110029159,42101001301
551247600,True,40.034058304626,-75.052279073368,42101031501
332489300,True,40.011027466779,-75.099150590481,42101019000
403188700,True,39.924737650059,-75.240916288347,42101006400
152331100,True,39.971624929737,-75.171590387341,42101013500
111026600,True,39.996607439393,-75.16303010451,42101017300
432110500,True,40.007170041444,-75.142889913016,42101019900
888059966,True,39.961680986143,-75.144231994076,42101036700
351400600,True,40.031250780179,-75.08935284602,42101039002
232258600,True,40.008964863647,-75.087024669199,42101029400
621559100,True,40.030436728116,-75.0670609538,42101031700
161240400,True,39.992435284256,-75.160955974732,42101016701
363146200,True,39.930339697365,-75.180860443349,42101003100
282120900,True,39.99598060864,-75.18161376281,42101016902
888036840,True,39.955042484839,-75.152639892505,42101000200
123196100,True,40.027421854999,-75.169096447909,42101024200
314116600,True,39.988089995712,-75.127512904904,42101016100
111201200,True,40.000654096854,-75.1573895542,42101020101
433088800,True,40.011244988141,-75.139672836219,42101019800
232292500,True,40.015029183146,-75.079958968301,42101030000
392304100,True,39.92061634339,-75.156076715671,42101004101
411048600,True,40.016638087884,-75.065828372153,42101029800
582498900,True,40.115911858147,-75.023961108834,42101035800
34031100,True,39.943520797253,-75.242936121242,42101006500
91191200,True,40.065278845623,-75.190814419983,42101025600
365205010,True,39.93417367549,-75.17259422862,42101003002
622082800,True,40.021666303421,-75.076184948338,42101030000
552394300,True,40.026554373019,-75.050942618481,42101032000
551218700,True,40.037918958305,-75.059444236504,42101031502
571116700,True,40.062495538912,-75.031527076591,42101034701
102095300,True,40.056785424979,-75.152010152817,42101026500
111344900,True,39.996435386165,-75.16838169796,42101017201
888056222,True,39.954072153692,-75.144903960417,42101000102
631007209,True,40.081235606231,-75.08370145315,42101034100
402253100,True,39.922707724752,-75.227407660287,42101006700
23187410,True,39.94147564543,-75.154744681004,42101001500
364437100,True,39.934749016426,-75.195886392206,42101003300
323095100,True,39.987084989161,-75.182490960759,42101015102
72259300,True,40.018876920034,-75.133799994611,42101038301
888020475,True,39.937330507784,-75.149165904589,42101001700
502306600,True,40.080398445264,-75.179623684673,42101025900
353171100,True,40.058875813603,-75.088437800177,42101030700
642001800,True,40.048533492067,-75.028476691505,42101033102
56181500,True,39.964376939401,-75.143665060738,42101036700
481156100,True,39.927893292546,-75.17003796487,42101003001
211458500,True,40.030127633621,-75.230829617816,42101021500
662618033,True,40.080733044684,-74.96717605335,42101036203
882969665,True,40.033286248577,-75.076586054324,42101031800
441075600,True,39.960419480249,-75.221817772889,42101009300
101123200,True,40.063542338024,-75.147610142402,42101026600
561355900,True,40.055582694799,-75.065307090411,42101033500
131048600,True,40.010140931478,-75.158559113646,42101020200
561225500,True,40.055711030687,-75.055044718753,42101033400
871601965,True,40.051915530849,-75.158305732007,42101024900
221136800,True,40.050711508611,-75.183611193786,42101025300
213013000,True,40.018741244484,-75.203566607652,42101020900
651074600,True,40.037179114813,-75.034185295422,42101033000
512077200,True,39.936853018943,-75.217143420275,42101007000
43302700,True,39.975244840778,-75.237433501084,42101011200
314019500,True,39.978331815485,-75.121585664521,42101016001
502293500,True,40.076204048373,-75.172271061082,42101026000
888301150,True,39.944089023024,-75.184826675213,42101001302
53102510,True,39.944437598812,-75.153499510671,42101001102
51157200,True,39.944706945948,-75.150955999082,42101001001
422044700,True,40.020509031127,-75.12781819196,42101028800
884172010,False,,,None
53144300,True,39.94480548095,-75.162313939486,42101001101
642051200,True,40.043168427153,-75.028846623895,42101033102
571079500,True,40.057806827405,-75.03219406249,42101034701
41240200,True,39.975427160605,-75.229864745191,42101011200
493134600,True,40.030579016599,-75.142786245008,42101028300
663069100,True,40.102927067574,-74.979118194536,42101036303
191081701,True,39.984159130883,-75.135246574142,42101016200
21200425,True,39.935248901253,-75.159014366704,42101002300
171280500,True,40.04792199457,-75.151732356569,42101027901
562442100,True,40.077193223425,-75.038790728004,42101034501
212003000,True,40.021438886309,-75.210492398242,42101021000
882562600,True,39.9871924366,-75.156155822278,42101016702
582518100,True,40.106790893517,-75.029634980013,42101035701
202056955,True,39.974834819054,-75.148084360832,42101014500
281338300,True,39.995448513816,-75.171634512445,42101016901
551260600,True,40.035720648847,-75.053804401302,42101031502
471285100,True,39.979616115869,-75.163511505511,42101014700
463067500,True,39.950732217218,-75.234087523411,42101008102
131360500,True,40.019752162569,-75.156867374899,42101020500
41151600,True,39.970493509154,-75.229969505458,42101010200
214060200,True,40.05186914395,-75.232381888937,42101021800
181201620,True,39.970830692971,-75.125319973889,42101014300
363183600,True,39.932318693903,-75.175191049441,42101003100
81092300,True,39.947696672897,-75.182793278895,42101001201
462142800,True,39.94883270079,-75.227120600883,42101008000
888116534,True,39.954768884984,-75.166449842571,42101000403
212414300,True,40.045462611044,-75.251159327724,42101021900
102489000,True,40.067442284688,-75.163162738879,42101026200
321231800,True,39.986689348996,-75.162784798615,42101015300
453364800,True,40.007901355455,-75.07381938705,42101038000
461072900,True,39.949350406593,-75.217433480515,42101007900
888140402,True,39.963856920497,-75.150445697175,42101013100
312019300,True,39.97821751973,-75.127213199334,42101016002
581381500,True,40.091905960282,-75.02893913217,42101035500
191093900,True,39.984536173182,-75.135316529082,42101016200
361314700,True,39.935131377408,-75.18115552888,42101003200
662106100,True,40.076082592451,-74.986114100176,42101036201
43251100,True,39.979397133689,-75.236716086001,42101011300
132149400,True,40.022439542328,-75.153356702382,42101028000
604217900,True,39.954965507515,-75.234193114247,42101008400
181116300,True,39.969028662932,-75.128244616243,42101014300
152329000,True,39.971454794368,-75.170132637811,42101013500
412336400,True,40.026171018052,-75.047100022626,42101032500
551121500,True,40.03450632681,-75.059895553136,42101031600
601039400,True,39.957021984784,-75.220252338712,42101008602
344395500,True,39.978323380199,-75.253440132716,42101011500
57085500,True,39.968338087521,-75.142304586177,42101014201
43053200,True,39.972675572106,-75.233021201748,42101011200
871521820,True,39.989949156165,-75.159640850728,42101016702
172068100,True,40.041822391953,-75.146166719308,42101027800
402246600,True,39.922919662158,-75.227328641533,42101006700
433237300,True,40.015333440936,-75.135919343095,42101019700
361334300,True,39.937029645147,-75.181985836491,42101002000
324198100,True,39.981778307381,-75.186235140209,42101014900
871401695,True,39.991955197652,-75.17515845654,42101016901
603073500,True,39.954581870632,-75.229998278834,42101008500
351380100,True,40.037827182405,-75.09005286186,42101039001
482098600,True,39.925252075727,-75.183536724913,42101003702
273135900,True,39.943687657086,-75.212047637449,42101007400
81090100,True,39.94755091824,-75.181529359236,42101001201
888056684,True,39.955367440535,-75.144837634179,42101000102
631032200,True,40.078000565087,-75.084322559155,42101034100
481250300,True,39.926997465438,-75.175637318567,42101003901
421162900,True,40.027626810985,-75.12020775478,42101029000
