X,Y,park_name,dpp_asset_id,program_type,site_class,building,gym,label_number,comments,data_source,objectid
-75.1636341891684,40.0538626691218,Awbury Park and Recreation Center,,PPR_REC,A,Y,N,, ,Programs 10/2025,1
-75.007510748368,40.1228431723606,Daniel Boyle Memorial Recreation Center,,PPR_REC,A,Y,N,, ,Programs 10/2025,2
-75.1698319055517,40.0646864811464,Charles M Finley Playground,,PPR_REC,A,Y,Y,, ,Programs 10/2025,3
-75.1747635378691,40.0022212258065,James Allen Shuler Playground,,PPR_REC,A,Y,N,, ,Programs 10/2025,4
-75.1715193626169,39.942118531137,Marian Anderson Recreation Center,,PPR_REC,A,Y,Y,, ,Programs 10/2025,5
-75.2385660065753,39.9566925841712,Howard Sayre Morris Recreation Center,,PPR_REC,A,Y,N,, ,Programs 10/2025,6
-75.1012962526126,39.9864660108404,Frank Glavin Playground,,PPR_REC,A,Y,N,, ,Programs 10/2025,7
-75.18509125336,39.9690547668109,East Fairmount Park,,PPR_REC,A,Y,Y,,Located in East Fairmount Park,Programs 10/2025,8
-75.2332425072216,39.995218248513,John C Anderson Cultural Center,,PPR_REC,A,Y,N,,Closed for Rebuild,Programs 10/2025,9
-75.2486170014692,39.9081610266845,William A Cibotti Recreation Center,,PPR_REC,A,Y,N,, ,Programs 10/2025,10
-75.231743194912,39.9152726003795,J Francis Finnegan Playground,,PPR_REC,A,Y,N,, ,Programs 10/2025,11
-75.1787581327055,39.9159380001329,Commodore John Barry Playground,,PPR_REC,A,Y,N,, ,Programs 10/2025,12
-75.1540698311635,39.9156417382741,Lawrence E Murphy Recreation Center,,PPR_REC,A,Y,Y,, ,Programs 10/2025,13
-75.1730496072027,39.9228737079018,Thomas I Guerin Recreation Center,,PPR_REC,A,Y,Y,, ,Programs 10/2025,14
-75.2401917418981,39.9261376815884,John J McCreesh Sr Playground,,PPR_REC,A,Y,N,,,Programs 10/2025,15
-75.1699623851435,39.9291400454533,A Giuseppe DiSilvestro Playground,,PPR_REC,A,Y,N,,Mixed use building with CHOP/Free Library/Public Health/PPR,Programs 10/2025,16
-75.1888629475388,39.9313798785125,George A Vare Recreation Center,,PPR_REC,A,Y,Y,,2024-Rebuild Renovation Complete,Programs 10/2025,17
-75.1643497944261,39.9332542226272,Columbus Square,,PPR_REC,A,Y,N,, ,Programs 10/2025,18
-75.1512140702181,39.9337904557684,Solomon Sacks Playground,,PPR_REC,B,Y,N,, ,Programs 10/2025,19
-75.159482031066,39.9340058665179,Dr Nicola Capitolo Playground,,PPR_REC,A,Y,N,, ,Programs 10/2025,20
-75.1929330875739,39.9377462186597,Donald P Finnegan Recreation Center,,PPR_REC,B,Y,N,, ,Programs 10/2025,21
-75.174181002887,39.938168250319,Charles H Chew Playground,,PPR_REC,A,Y,N,, ,Programs 10/2025,22
-75.2098082917844,39.9419564779928,48th and Woodland Playground,,PPR_REC,A,Y,N,, ,Programs 10/2025,23
-75.1584878528588,39.9413619390032,Walter Palumbo Recreation Center,,PPR_REC,A,Y,Y,, ,Programs 10/2025,24
-75.217012541149,39.942848458016,Kingsessing Recreation Center,,PPR_REC,A,Y,Y,,Rebuild complete 10/2025,Programs 10/2025,25
-75.2344129706508,39.9488950145933,Albert W Christy Sr Recreation Center,,PPR_REC,A,Y,Y,,,Programs 10/2025,26
-75.1434601913829,39.962750689297,Northern Liberties Recreation Center,,PPR_REC,A,Y,Y,, ,Programs 10/2025,27
-75.2158173668387,39.9659803740683,Tiffany Fletcher Recreation Center,,PPR_REC,A,Y,N,,Former name Mill Creek Playground and Recreation Center (12/2022).,Programs 10/2025,28
-75.1679388200902,39.9657190564367,Roberto Clemente Playground,,PPR_REC,B,Y,N,, ,Programs 10/2025,29
-75.1956217828496,39.967478970791,Miles Mack Playground,,PPR_REC,A,Y,N,, ,Programs 10/2025,30
-75.2503959725219,39.9693586480477,Cobbs Creek Park,,PPR_REC,B,Y,N,,Located within Cobbs Creek Park,Programs 10/2025,31
-75.1671292948197,39.9684953776871,Francisville Recreation Center,,PPR_REC,A,Y,N,, ,Programs 10/2025,32
-75.256300447162,39.97445812969,Morris Park,,PPR_REC,A,Y,N,,Located in Morris Park.,Programs 10/2025,33
-75.1278041936713,39.9718519362135,Fishtown Recreation Center,,PPR_REC,A,Y,N,, ,Programs 10/2025,34
-75.1453480195185,39.973235481687,Narcissa S Cruz Recreation Center,,PPR_REC,A,Y,N,,Two Programmable Buildings on site.,Programs 10/2025,35
-75.228112032023,39.9755166699722,Conestoga Community Playground,,PPR_REC,A,Y,N,, ,Programs 10/2025,36
-75.1323369643046,39.9775636116892,Dan Shissler Recreation Center,,PPR_REC,A,Y,Y,, ,Programs 10/2025,37
-75.2407089077013,39.9818673517984,Ernest L Tustin Recreation Center,,PPR_REC,A,Y,N,, ,Programs 10/2025,38
-75.1699513144599,39.9808165317369,Dr Martin Luther King Jr Recreation Center,,PPR_REC,A,Y,Y,, ,Programs 10/2025,39
-75.2265855331488,39.9832616678638,West Fairmount Park,,PPR_REC,A,Y,N,,Located within West Fairmount Park.,Programs 10/2025,40
-75.1602995904473,39.9817165943755,Fletcher B Amos Playground,,PPR_REC,A,Y,N,, ,Programs 10/2025,41
-75.1184312957039,39.9810103730564,Frederick Cione Playground,,PPR_REC,A,Y,N,, ,Programs 10/2025,42
-75.1474504480635,39.983237170801,8th and Diamond Playground,,PPR_REC,A,Y,N,, ,Programs 10/2025,43
-75.1125569610743,39.9841286167539,Cohocksink Recreation Center,,PPR_REC,A,Y,Y,, ,Programs 10/2025,44
-75.1748485295626,39.9875900341126,Eric W (Hank) Gathers Jr Recreation Center,,PPR_REC,A,Y,Y,, ,Programs 10/2025,45
-75.0970003048818,39.9906862441443,Bernard Samuel Playground,,PPR_REC,A,Y,Y,, ,Programs 10/2025,46
-75.1497866751734,39.9968166414794,12th and Cambria Playground,,PPR_REC,A,Y,N,, ,Programs 10/2025,47
-75.0986566624,39.9977050554544,Robert T Heitzman Recreation Center,,PPR_REC,A,Y,Y,, ,Programs 10/2025,48
-75.1376201731776,40.0004475329907,Ramonita Negron Rivera Recreation and Community Center,,PPR_REC,A,Y,Y,,2024 Rebuild Renovations Complete.,Programs 10/2025,49
-75.1215486118578,40.000169462298,Sergeant John J McVeigh Recreation Center,,PPR_REC,A,Y,Y,,Closed for Rebuild,Programs 10/2025,50
-75.0681874077723,39.9995234587585,Bridesburg Recreation Center,,PPR_REC,A,Y,Y,, ,Programs 10/2025,51
-75.1292342030229,40.0018467010583,John (Steve) Schmidt Playground,,PPR_REC,A,Y,N,, ,Programs 10/2025,52
-75.1083604597229,40.0014576568648,Joseph A Scanlon Playground,,PPR_REC,A,Y,N,, ,Programs 10/2025,53
-75.1614002292127,40.0062418013052,Jerome Brown Playground,,PPR_REC,A,Y,N,, ,Programs 10/2025,54
-75.2035887533528,40.013356028693,Gustine Recreation Center,,PPR_REC,A,Y,Y,, ,Programs 10/2025,55
-75.0731119760314,40.0111211838589,Carmella A DiTizio Playground,,PPR_REC,A,Y,N,,renovations completed 2025.,Programs 10/2025,56
-75.0968726683947,40.012797761565,Boniface Piccoli Playground,,PPR_REC,A,Y,N,, ,Programs 10/2025,57
-75.143653057579,40.0176621429401,Hunting Park,,PPR_REC,A,Y,Y,, ,Programs 10/2025,58
-75.0542795535041,40.018424797345,American Legion Playground,,PPR_REC,A,Y,N,, ,Programs 10/2025,59
-75.1209321778088,40.0216195676286,Feltonville Recreation Center,,PPR_REC,A,Y,Y,, ,Programs 10/2025,60
-75.0931246242492,40.0215285575924,Private Alfred J Simpson Memorial Recreation Center,,PPR_REC,A,Y,Y,, ,Programs 10/2025,61
-75.0485750641276,40.021313847335,Frank JG Dorsey Memorial Playground,,PPR_REC,A,Y,N,, ,Programs 10/2025,62
-75.1523154575348,40.0244983549955,Stenton Park,,PPR_REC,A,Y,N,, ,Programs 10/2025,63
-75.0801319174739,40.0242359823517,Joseph C McIlvain Playground,,PPR_REC,A,Y,N,, ,Programs 10/2025,64
-75.2113531416839,40.0288283448113,W Freeland Kendrick Recreation Center,,PPR_REC,A,Y,Y,, ,Programs 10/2025,65
-75.0542344025925,40.0258209715731,Franklin Delano Roosevelt Playground,,PPR_REC,A,Y,N,, ,Programs 10/2025,66
-75.0491653946296,40.0281249182473,Joseph F Vogt Playground,,PPR_REC,A,Y,Y,, ,Programs 10/2025,67
-75.0440477882237,40.0283824621767,Disston Recreation Center,,PPR_REC,A,Y,Y,,Rebuild complete 10/2025,Programs 10/2025,68
-75.0612638144162,40.0293893569866,Lower Mayfair Playground,,PPR_REC,A,Y,N,, ,Programs 10/2025,69
-75.0936757572506,40.0297047402068,Edward Houseman Playground,,PPR_REC,A,Y,Y,, ,Programs 10/2025,70
-75.1356743408417,40.0312773735012,John L Barrett Playground,,PPR_REC,A,Y,N,,Closed for Rebuild,Programs 10/2025,71
-75.1602661213416,40.0323774299797,Wister Playground,,PPR_REC,A,Y,N,, ,Programs 10/2025,72
-75.2290871792704,40.0339511549426,Lonnie Cohen Recreation Center,,PPR_REC,A,Y,Y,,"Formerly Hillside, name changed 2023.",Programs 10/2025,73
-75.0334248563926,40.030066592916,Charles A Russo Playground,,PPR_REC,A,Y,N,, ,Programs 10/2025,74
-75.1180811424141,40.0341101846752,Charles J Ziehler Playground,,PPR_REC,A,Y,N,,2024 Rebuild Renovations Complete,Programs 10/2025,75
-75.1368012078412,40.0383050918711,A Albert Cherashore Playground,,PPR_REC,A,Y,N,, ,Programs 10/2025,76
-75.0271404240539,40.0361012531624,Holmesburg Recreation Center,,PPR_REC,A,Y,N,, ,Programs 10/2025,77
-75.0703881281196,40.0387411456501,Max Myers Playground,,PPR_REC,A,Y,N,, ,Programs 10/2025,78
-75.1563033060331,40.0421738021018,Belfield Recreation Center,,PPR_REC,A,Y,Y,, ,Programs 10/2025,79
-75.0821816247584,40.0407222152989,Seymour Tarken Recreation Center,,PPR_REC,A,Y,N,,Tarkan Ice Rink is a separate buliding on the same site.,Programs 10/2025,80
-75.0530833732464,40.0398816777458,Mayfair Recreation Center,,PPR_REC,A,Y,Y,, ,Programs 10/2025,81
-75.116870365528,40.0425385493986,Olney Recreation Center,,PPR_REC,A,Y,Y,,Closed for Rebuild ,Programs 10/2025,82
-75.1686864651184,40.045422198744,Waterview Recreation Center,,PPR_REC,A,Y,Y,,Closed for Renovations,Programs 10/2025,83
-75.1013201919859,40.0461563346071,Lawncrest Recreation Center,,PPR_REC,A,Y,Y,,Closed for Rebuild (2024),Programs 10/2025,84
-75.1796860868723,40.0477327845815,Daniel E Rumph II Recreation Center,,PPR_REC,A,Y,Y,, ,Programs 10/2025,85
-75.1238139337807,40.0491070360005,Helen G Sturgis Playground,,PPR_REC,A,Y,N,, ,Programs 10/2025,86
-75.1463628902195,40.0505422829903,Morris Estate Cultural Center,,PPR_REC,A,Y,N,, ,Programs 10/2025,87
-75.0245693629543,40.0478974189826,James J Ramp Playground,,PPR_REC,A,Y,N,, ,Programs 10/2025,88
-75.00196045204,40.0514017039175,George Jacobs Playground,,PPR_REC,A,Y,N,,"Gym on site is Non-PPR, it is an athletic association.",Programs 10/2025,89
-75.1880202851921,40.0577357433781,Mount Airy Playground,,PPR_REC,A,Y,N,, ,Programs 10/2025,90
-75.1823975309601,40.0570920898346,Pleasant Playground,,PPR_REC,A,Y,N,, ,Programs 10/2025,91
-75.076421766078,40.0562338257841,Thomas E Jardel Memorial Field,,PPR_REC,A,Y,Y,, ,Programs 10/2025,92
-75.1574853511834,40.0615700593023,William B Simons Recreation Center,,PPR_REC,A,Y,Y,, ,Programs 10/2025,93
-75.050779361106,40.0617409521311,George C Pelbano Playground,,PPR_REC,A,Y,Y,, ,Programs 10/2025,94
-75.23139860782,40.0691076149091,Wissahickon Valley Park,,PPR_REC,A,Y,N,,Located within Wissahickon Valley Park,Programs 10/2025,95
-74.9919483092113,40.0682396059282,Thomas Mitchell Playground,,PPR_REC,A,Y,N,, ,Programs 10/2025,96
-75.2004979060116,40.0753790322469,Water Tower Recreation Center,,PPR_REC,A,Y,Y,, ,Programs 10/2025,97
-75.0816788055794,40.0741948272448,Fox Chase Recreation Center,,PPR_REC,A,Y,Y,, ,Programs 10/2025,98
-75.175662516379,40.0814506443058,Dorothy Emanuel Recreation Center,,PPR_REC,A,Y,Y,, ,Programs 10/2025,99
-74.9740189609196,40.0801120742333,Corporal Jimmy OConnor Memorial Playground,,PPR_REC,A,Y,N,,"Gym nearby is NOT PPR, it is an athletic association building. Formerly Chalfont Playground",Programs 10/2025,100
-74.9892685788726,40.0804425169712,Elizabeth M Picariello Playground,,PPR_REC,A,Y,Y,, ,Programs 10/2025,101
-75.0207819877211,40.091177438554,Officer Robert Hayes Memorial Playground,,PPR_REC,A,Y,Y,,Gym extension constructred in 2019.,Programs 10/2025,102
-74.9890643671933,40.0957823715821,Michael Palmer Playground,,PPR_REC,A,Y,N,,"Northern property building is for the Far NE Athletic Association, it is NOT PPR Programmed.",Programs 10/2025,103
-74.9721947886786,40.0963211868697,Eileen Fitzpatrick Playground,,PPR_REC,A,Y,N,, ,Programs 10/2025,104
-75.0332014142051,40.1002679485812,William A Lackman Memorial Playground,,PPR_REC,A,Y,N,, ,Programs 10/2025,105
-74.9694396340958,40.1034060568597,Jim Junod Recreation Center,,PPR_REC,A,Y,N,, ,Programs 10/2025,106
-75.0247246778049,40.1149096606902,Tomlinson and Gifford Playground,,PPR_REC,A,Y,N,, ,Programs 10/2025,107
-75.1595639501366,40.0499992211515,Lonnie Young Recreation Center of East Germantown,,PPR_REC,A,Y,Y,, ,Programs 10/2025,108
-75.0758752402909,40.0142254181862,William (Billy) Gambrel Playground,,PPR_REC,A,Y,Y,, ,Programs 10/2025,109
-75.1517196685413,39.9860748866309,Penrose Memorial Playground,,PPR_REC,A,Y,N,,,Programs 10/2025,110
-75.2284890473929,39.9346256570174,Francis J Myers Recreation Center,,PPR_REC,A,Y,Y,,2024-Closed for Rebuild. Moved to Daroff School,Programs 10/2025,111
-75.1507739555385,39.9760826531444,Marie Dendy Recreation Center,,PPR_REC,A,Y,N,, ,Programs 10/2025,112
-75.1373196528358,39.9728830105187,Hancock Playground,,PPR_REC,A,Y,N,, ,Programs 10/2025,113
-75.132925829522,39.9885752636776,Waterloo Playground,,PPR_REC,A,Y,N,, ,Programs 10/2025,114
-75.2311865502512,39.9772308399123,Charles Baker and Carol Baker Rice Recreation Center,,PPR_REC,B,Y,N,,Name changed in 2023.,Programs 10/2025,115
-75.1908666196293,39.963768297615,James L Wright Playground,,PPR_REC,A,Y,Y,, ,Programs 10/2025,116
-75.1675526605306,39.9936603151821,Cecil B Moore Recreation Center,,PPR_REC,A,Y,Y,, ,Programs 10/2025,117
-75.1832459353676,39.9354994414513,Wharton Square,,PPR_REC,A,Y,N,,,Programs 10/2025,118
-75.1459369642865,39.9347986270399,Shot Tower Recreation Center,,PPR_REC,A,Y,Y,, ,Programs 10/2025,119
-75.1634939565223,39.9384795841162,Hawthorne Cultural Center,,PPR_REC,A,Y,N,, ,Programs 10/2025,120
-75.1528358316483,39.9427206691231,Starr Garden Playground,,PPR_REC,A,Y,N,, ,Programs 10/2025,121
-75.1593083295975,39.943618335525,Charles T Mitchell Jr (Seger) Park,,PPR_REC,A,Y,N,,"Building is named for Charles Seger (1977); Site is named for Charles T Mitchell Jr (1976).",Programs 10/2025,122
-75.1832725224871,39.9479946091985,Schuylkill River Park,,PPR_REC,A,Y,N,,Located within Schuylkill River Park,Programs 10/2025,123
-75.2491030278971,39.9581963178394,Cobbs Creek Park,,PPR_REC,A,Y,Y,,Located in Cobbs Creek Park. Closed for Rebuild,Programs 10/2025,124
-75.2107278963022,39.9616640045615,John A Lee Cultural Center,,PPR_REC,A,Y,N,, ,Programs 10/2025,125
-75.2230245249978,39.9674667847828,West Mill Creek Playground,,PPR_REC,A,Y,N,, ,Programs 10/2025,126
-75.2341796542891,39.9672698620017,Haddington-Marshall L Shepard Sr Recreation Center,,PPR_REC,A,Y,Y,, ,Programs 10/2025,127
-75.1511521250287,39.9667964598497,East Poplar Playground,,PPR_REC,A,Y,N,, ,Programs 10/2025,128
-75.2127062711251,39.9792515301354,West Fairmount Park,,PPR_REC,A,Y,Y,,Located in West Fairmount Park. Currently closed for Rebuild.,Programs 10/2025,129
-75.1351096773185,39.9783989447244,Michael J Towey Playground,,PPR_REC,A,Y,Y,, ,Programs 10/2025,130
-75.1878030267544,39.9897819107029,East Fairmount Park,,PPR_REC,A,Y,N,,Located in East Fairmount Park,Programs 10/2025,131
-75.1867696891679,40.0087963415138,Harry S McDevitt Playground,,PPR_REC,A,Y,Y,, ,Programs 10/2025,132
-75.1662721683544,40.023693195037,Happy Hollow Recreation Center,,PPR_REC,A,Y,Y,, ,Programs 10/2025,133
-75.0696199632465,40.024013724552,Wissinoming Park,,PPR_REC,A,Y,N,, ,Programs 10/2025,134
-74.998205072732,40.0589796908208,Torresdale Recreation Center,,PPR_REC,A,Y,N,, ,Programs 10/2025,135
-75.178667699023,39.9779513582242,Athletic Recreation Center,,PPR_REC,A,Y,Y,, ,Programs 10/2025,136
-75.2511010108311,39.9044377394712,Eastwick Regional Playground,,PPR_REC,A,Y,N,, ,Programs 10/2025,137
-75.1381864234817,39.9890713969404,Frank S Nelson Jr Memorial Recreation Center,,PPR_REC,A,Y,N,,2019-2020 Renovations Complete,Programs 10/2025,138
-75.1049981121632,40.0147765429936,Tacony Creek Park,,PPR_REC,A,Y,N,,Located in Tacony Creek Park,Programs 10/2025,139
-75.157770610332,39.9888097249932,Marie Winchester Playground,,PPR_REC,A,Y,N,, ,Programs 10/2025,140
-75.1977434058899,39.9362172929428,Jacob Stinger Park,,PPR_REC,B,N,N,,,Programs 10/2025,141
-75.2008833209538,39.9659319624063,Norman (Butch) Ellis Playground,,PPR_REC,B,Y,N,, ,Programs 10/2025,142
-75.0399228856993,40.042671197268,Lincoln Indoor Pool,,POOL,S,Y,N,,"School District Property/Facility;PPR Programs (Ramp)",Programs 10/2025,143
-75.2218401893565,40.0233091367906,Venice Island Performing Arts and Recreation Center,,PPR_REC,A,Y,N,, ,Programs 10/2025,144
-75.187364676814,39.925426971375,Thomas B Smith Recreation Center,,PPR_REC,A,Y,N,, ,Programs 10/2025,145
-75.1634347966537,39.9262748910947,East Passyunk Community Recreation Center,,PPR_REC,A,Y,Y,, ,Programs 10/2025,146
-75.145426778592,39.9327488226924,Ralph R Rizzo Sr Ice Rink,,PPR_REC,A,Y,N,, ,Programs 10/2025,147
-75.2481075445782,39.9593011202804,Cobbs Creek Park,,PPR_REC,S,Y,N,,Located within Cobbs Creek Park,Programs 10/2025,148
-75.1045518210499,40.00384922451,Juniata Park Older Adult Center,,OLDER_ADULT_CENTER,S,Y,N,, ,Programs 10/2025,149
-75.0591583052746,40.0875080210884,Pennypack Park,,ENVIRONMENTAL_EDUCATION_CENTER,S,Y,N,,Located within Pennypack Park,Programs 10/2025,150
-75.2338714458871,40.0813052932029,Wissahickon Valley Park,,ENVIRONMENTAL_EDUCATION_CENTER,S,Y,N,,Located within the Andorra Natural Area which is within Wissahickon Valley Park,Programs 10/2025,151
-75.2504145830369,39.9519869166727,Cobbs Creek Park,,ENVIRONMENTAL_EDUCATION_CENTER,S,Y,N,,Located in Cobbs Creek Park. Rebuild completed fall 2025.,Programs 10/2025,152
-75.1695849764448,39.9799294723169,Dr Martin Luther King Jr Older Adult Center,,OLDER_ADULT_CENTER,S,Y,N,, ,Programs 10/2025,153
-75.1542100132776,40.0643777350729,West Oak Lane Senior Center,,OLDER_ADULT_CENTER,S,Y,N,,Not City-Owned Property,Programs 10/2025,154
-75.1378166196071,40.0002464547446,Ramonita Negron Rivera Recreation and Community Center,,OLDER_ADULT_CENTER,S,Y,Y,,Located in same building as Rivera.,Programs 10/2025,155
-75.0513160286175,40.0625231094005,George C Pelbano Playground,,OLDER_ADULT_CENTER,S,Y,N,,Located on same property as George C Pelbano Playground,Programs 10/2025,156
-75.1625317163933,39.931369894899,South Philadelphia Older Adult Center,,OLDER_ADULT_CENTER,S,Y,N,,,Programs 10/2025,157
-75.207745765065,39.9790504662596,West Fairmount Park,,POOL,S,N,N,,Located in West Fairmount Park,Programs 10/2025,158
-75.1191358485834,39.9950303399111,McPherson Square,,PPR_REC,B,N,N,,,Programs 10/2025,159
-75.1002275513724,39.9829802670478,Reverend M Monkiewicz Recreation Center,,PPR_REC,A,Y,N,,Site Closed.,Programs 10/2025,160
-75.0628308675825,40.0162791139747,Victor J Moss Memorial Field,,PPR_REC,B,Y,N,,,Programs 10/2025,161
-75.1484954973811,39.9306960467441,Nelson M Herron Playground and Recreation Center,,PPR_REC,B,Y,N,,,Programs 10/2025,162
-75.1989628527514,39.9734814569795,Clayborne and Lewis Playground,,PPR_REC,B,Y,N,,,Programs 10/2025,163
-75.1965029603623,39.9640113144292,37th and Mount Vernon Playground,,PPR_REC,B,N,N,,,Programs 10/2025,164
-75.1908126217187,39.9650367191297,33rd and Wallace Playground,,PPR_REC,B,Y,N,,,Programs 10/2025,165
-75.1310661126356,40.0435476547497,Fisher Park,,PPR_REC,B,Y,N,,,Programs 10/2025,166
-75.0421223359797,40.0322313937792,Senator William Vincent Mullin Playground,,PPR_REC,B,Y,N,,,Programs 10/2025,167
-75.1070909161359,39.982133072287,Thomas P Stokley Recreation Center,,PPR_REC,B,N,N,,No Programmable Building on site,Programs 10/2025,168
-75.1573552974101,39.9230482338036,James Otis Ford Playground,,POOL,S,N,N,,Pool only seasonally staffed by PPR.,Programs 10/2025,169
-75.17426554718,40.0397045912924,Morton Playground,,PPR_REC,B,Y,N,,,Programs 10/2025,170
-75.2304044239222,39.9233363477216,George Connell Park,,PPR_REC,B,Y,N,,,Programs 10/2025,171
