X,Y,OBJECTID,GARDEN_NAME,PARK_NAME,ADDRESS,CITY,STATE,ZIP_CODE,CONTACT_EMAIL,CONTACT_WEBSITE,GARDEN_ALIAS,GARDEN_DESCRIPTION,HOURS_SUNDAY,HOURS_MONDAY,HOURS_TUESDAY,HOURS_WEDNESDAY,HOURS_THURSDAY,HOURS_FRIDAY,HOURS_SATURDAY,GARDEN_STATUS,PPR_LAND,COUNCIL_DISTRICT,COMMENTS
-75.1590730127664,39.923772920048,641,Growing Homes Community Garden,Emily Community Garden,742 Emily St,Philadelphia,PA,19148,gardens@SEAMAAC.org,https://www.seamaac.org/community-development/,Emily Community Garden,Community garden with 101 raised beds.,8:00am - 5:00pm,8:00am - 5:00pm,8:00am - 5:00pm,8:00am - 5:00pm,8:00am - 5:00pm,8:00am - 5:00pm,8:00am - 5:00pm,ACTIVE,Y,1,Friends of Growing Home Gardens
-75.1609841676737,39.9446458182682,642,Waverly Street Community Garden,Waverly Street Community Garden,1131 Waverly St,Philadelphia,PA,19147,urbanstewardship@washwestcivic.org,https://washwestcivic.org/community-gardens/, ,Community garden with 22 raised beds. Maintained by Washington Square West Civic Association.,N/A,N/A,N/A,N/A,N/A,N/A,N/A,ACTIVE,Y,1,Open when gardeners are present
-75.1510478067445,39.967940643076,643,FNC Community Learning Farm at 8th and Poplar,East Poplar Playground,834 Poplar St,Philadelphia,PA,19123,"brycer@fncphilly.org, bigsci7@gmail.com",N/A,"Urban Agriculture Center; 8th & Poplar Garden; 8th & Poplar Farm",Community garden with 30 raised beds. It is located inside the FNC Learning Farm & 8th & Poplar Streets. Call 215-316-5683 ext. 5 for more info.,8:00am - 12:00pm,8:00am - 12:00pm,8:00am - 12:00pm,8:00am - 12:00pm,8:00am - 12:00pm,8:00am - 12:00pm,8:00am - 12:00pm,ACTIVE,Y,5,FNC (friends group)
-75.1603107050448,39.9476025478492,644,Sartain Community Garden,Sartain Garden,225 S Sartain St,Philadelphia,PA,19107,urbanstewardship@washwestcivic.org,https://washwestcivic.org/community-gardens/, ,"Community garden with 20 raised beds. Maintained by Washington Square West Civic Association.
",N/A,N/A,N/A,N/A,N/A,N/A,N/A,ACTIVE,Y,1,Open when gardeners are present
-75.1563390006147,39.9426199401795,645,South Street Community Garden,South Street Community Garden,839 South St,Philadelphia,PA,19147,urbanstewardship@washwestcivic.org,https://washwestcivic.org/community-gardens/, ,"Community garden with 40 raised beds, and a flower/pollinator border along front fence. Maintained by Washington Square West Civic Association.",N/A,N/A,N/A,N/A,N/A,N/A,N/A,ACTIVE,Y,1,Open when gardeners are present
-75.1796809849726,39.9770451442576,646,Brewerytown Garden,Brewerytown Garden,1341 N 27th St,Philadelphia,PA,19121,Brewerytown.garden@gmail.com,https://www.brewerytowngarden.com, ,Community garden with 78 raised beds and a pollinator garden.,1:00pm - 5:00pm (June-Sept),N/A,N/A,N/A,N/A,N/A,N/A,ACTIVE,Y,5, 
-75.0452528477215,40.020969590198,647,Disston Park Garden,Disston Park,6641 Keystone St,Philadelphia,PA,19135,farmphilly@phila.gov,N/A,Keystone,Community garden with 10 raised beds.,8:00am - 5:00pm,8:00am - 5:00pm,8:00am - 5:00pm,8:00am - 5:00pm,8:00am - 5:00pm,8:00am - 5:00pm,8:00am - 5:00pm,ACTIVE,Y,6,Garden is currently being revamped
-75.1463407199525,40.0178529496991,648,Hunting Park Community Garden,Hunting Park,1249 W Hunting Park Ave,Philadelphia,PA,19140,huntingparkgarden@gmail.com,N/A, ,Community garden located in Hunting Park off of West Cayuga Street. The garden has 20 raised beds.,N/A,N/A,N/A,N/A,N/A,N/A,N/A,ACTIVE,Y,5,Garden is currently being revamped
-75.1317710698195,40.0441595591751,649,Fisher Park Roots Garden,Fisher Park,648 W Spencer Ave,Philadelphia,PA,19120,olneyrootsgardenoffisherpark@gmail.com,https://www.facebook.com/fisherparkofphiladelphia/,"Fisher Park Community Garden; Roots Community Garden","Community garden with 19 raised beds.
",8:00am - 5:00pm,8:00am - 5:00pm,8:00am - 5:00pm,8:00am - 5:00pm,8:00am - 5:00pm,8:00am - 5:00pm,8:00am - 5:00pm,ACTIVE,Y,9, 
-75.1601324210542,39.9343419445058,650,Capitolo Community Garden,Dr Nicola Capitolo Playground,998 Federal St,Philadelphia,PA,19147,capitologarden@gmail.com,https://www.capitologarden.org/, ,"Community garden with 49 raised beds, fruit trees, and communal herb and flower areas.",8:00am - 5:00pm,8:00am - 5:00pm,8:00am - 5:00pm,8:00am - 5:00pm,8:00am - 5:00pm,8:00am - 5:00pm,8:00am - 5:00pm,ACTIVE,Y,1, 
-75.1512393253894,39.9328692299603,651,Manton Street Park Community Garden,Manton Street Park,405 Manton St,Philadelphia,PA,19147,mantonstreetpark@gmail.com,https://www.facebook.com/mantonstreetpark, ,Community garden with 10 raised beds.,N/A,N/A,N/A,N/A,N/A,N/A,N/A,ACTIVE,Y,1,Friends of Manton Street Park and Community Garden
-75.1628715910522,39.93163774147,652,South Philadelphia Older Adult Center Garden,South Philadelphia Older Adult Center,1430 E Passyunk Ave,Philadelphia,PA,19147,SouthPhiladelphiaOlderAdultCenter@phila.gov,N/A,SPOAC Community Garden,Community garden with 18 raised beds and many flower beds. Call 215-685-1697 or visit recreation center for more info.,8:00am - 5:00pm,8:00am - 5:00pm,8:00am - 5:00pm,8:00am - 5:00pm,8:00am - 5:00pm,8:00am - 5:00pm,8:00am - 5:00pm,ACTIVE,Y,1,There is also a separate pollinator garden at Dickinson St. and Passyunk Avenue. Email is for the center.
-75.1815393226148,39.9493803881273,653,Schuylkill River Park Community Garden,Schuylkill River Park,300 S 25th St,Philadelphia,PA,19103,srpcg@srpcg.org,http://www.srpcg.org/, ,"Community garden with 70 raised beds, surrounded by a flower garden along fence line.",N/A,N/A,5:00pm - 8:00pm,N/A,N/A,N/A,8:00am - 12:00pm,ACTIVE,Y,2,
-75.2167660759251,39.9533270864449,654,Garden Court Community Garden,Garden Court,4710 Spruce St,Philadelphia,PA,19143,info@gardencourtca.org,https://gardencourtca.org/garden, ,Community garden with 21 raised beds.,N/A,N/A,N/A,N/A,N/A,N/A,N/A,ACTIVE,Y,3,Friends of Garden Court
-75.2499548080345,39.9627515260364,655,Cobbs Creek Park Community Garden,Cobbs Creek Park,6410 Market St,Philadelphia,PA,19082,farmphilly@phila.gov,N/A, ,This one-acre community garden is divided into 56 lots. It is located in Cobbs Creek Park near Market Street and N. 63rd Street.,8:00am - 5:00pm,8:00am - 5:00pm,8:00am - 5:00pm,8:00am - 5:00pm,8:00am - 5:00pm,8:00am - 5:00pm,8:00am - 5:00pm,ACTIVE,Y,N/A,Garden is located on Delaware County land.
-74.9704741591184,40.0794852456394,656,Poquessing Creek Park Garden,Poquessing Creek Park,11898 Denman Rd,Philadelphia,PA,19154,farmphilly@phila.gov,N/A,Friends of Millbrook,Community garden with 10 garden beds Located in Poquessing Creek Park.,N/A,N/A,N/A,N/A,N/A,N/A,N/A,ACTIVE,Y,10,Located in Poquessing Creek Park (Part 5)
-75.1811409805227,40.0576441453188,657,Pleasant Playground Community Garden,Pleasant Playground,305 Slocum St,Philadelphia,PA,19119,pleasantplaygroundgarden@gmail.com,N/A,Pleasant Playground Community Garden and Learning Center,50 beds and a pollinator/flower area.,8:00am - 5:00pm,8:00am - 5:00pm,8:00am - 5:00pm,8:00am - 5:00pm,8:00am - 5:00pm,8:00am - 5:00pm,8:00am - 5:00pm,ACTIVE,Y,8,Construction completed summer 2020.
-75.1679735609509,39.9663813201503,658,The Spring Gardens,Spring Gardens,1832 North St,Philadelphia,PA,19130,info@thesrpinggardens.org,https://thespringgardens.org/, ,Opens on Saturdays from the beginning of spring to the end of fall.,N/A,N/A,N/A,N/A,N/A,N/A,9:30am -12:00pm,ACTIVE,Y,5, 
-75.1701149212089,40.0192197774019,659,Fernhill Food Forest,Fernhill Park,500 W Abbottsford Ave,Philadelphia,PA,19144,N/A,N/A,,Located near intersection of Lauren St and W Abbottsford Ave,8:00am - 12:00pm,8:00am - 12:00pm,8:00am - 12:00pm,8:00am - 12:00pm,8:00am - 12:00pm,8:00am - 12:00pm,8:00am - 12:00pm,ACTIVE,Y,8,"Not a leased site, part of Community Gardens Network"
